{"cameraMode":{"drawMode":0,"name":"Shaded","section":"Shading Mode"},"sceneLighting":false,"audioPlay":false,"sceneViewState":{"m_AlwaysRefresh":false,"showFog":true,"showSkybox":false,"showFlares":true,"showImageEffects":true,"showParticleSystems":true,"showVisualEffectGraphs":true,"m_FxEnabled":true},"in2DMode":false,"pivot":{"x":-10.766277313232422,"y":-3.7557554244995119,"z":-0.27953964471817019},"rotation":{"x":-0.10874521732330322,"y":0.7068315744400024,"z":-0.11139585077762604,"w":-0.6900469064712524},"size":8.031984329223633,"orthographic":false}