{"cameraMode":{"drawMode":0,"name":"Shaded","section":"Shading Mode"},"sceneLighting":false,"audioPlay":false,"sceneViewState":{"m_AlwaysRefresh":false,"showFog":true,"showSkybox":false,"showFlares":true,"showImageEffects":true,"showParticleSystems":true,"showVisualEffectGraphs":true,"m_FxEnabled":true},"in2DMode":false,"pivot":{"x":-4.470348358154297e-8,"y":0.03647459298372269,"z":-0.006476232782006264},"rotation":{"x":-0.18621516227722169,"y":0.4169054329395294,"z":-0.08768834918737412,"w":-0.8853405117988586},"size":0.12878702580928803,"orthographic":false}